{"cameraMode":{"drawMode":0,"name":"Shaded","section":"Shading Mode"},"sceneLighting":true,"audioPlay":false,"sceneViewState":{"showFog":true,"showMaterialUpdate":false,"showSkybox":true,"showFlares":true,"showImageEffects":true,"showParticleSystems":true},"in2DMode":false,"pivot":{"x":0.3532077968120575,"y":-1.0677375793457032,"z":-5.862183094024658},"rotation":{"x":0.05473728105425835,"y":0.9398884773254395,"z":-0.18065941333770753,"w":0.28473713994026186},"size":6.0836286544799809,"orthographic":false}